{
    "f1272": 98.95182037353516,
    "f1646": 91.06719970703125,
    "f1932": 90.5,
    "f66": 88.75,
    "f1443": 87.75,
    "f580": 86.75,
    "f56": 82.2857894897461,
    "f1569": 82.17857360839844,
    "f994": 79.16439819335938,
    "f0": 78.64818572998047,
    "f565": 75.8042984008789,
    "f52": 74.79270935058594,
    "f1377": 72.95848083496094,
    "f1366": 70.14739227294922,
    "f1962": 68.79947662353516,
    "f1499": 66.97962951660156,
    "f1753": 66.75,
    "f1401": 65.0910415649414,
    "f665": 65.02995300292969,
    "f65": 62.825523376464844,
    "f888": 61.5,
    "f830": 59.8171272277832,
    "f456": 58.7595329284668,
    "f1468": 57.290618896484375,
    "f925": 56.3700065612793,
    "f1072": 56.14208221435547,
    "f1644": 53.34977340698242,
    "f1915": 52.3430290222168,
    "f1152": 50.052818298339844,
    "f2": 49.0067138671875,
    "f1341": 47.92878723144531,
    "f339": 47.51753616333008,
    "f7": 47.49007034301758,
    "f623": 47.039432525634766,
    "f445": 46.54705047607422,
    "f87": 45.4769401550293,
    "f1278": 45.137672424316406,
    "f977": 45.0,
    "f1392": 44.844120025634766,
    "f1092": 44.82533645629883,
    "f1742": 43.36147689819336,
    "f1749": 41.42450714111328,
    "f1605": 41.260772705078125,
    "f1261": 40.2259521484375,
    "f1": 38.88865280151367,
    "f778": 36.81578826904297,
    "f1427": 36.63871383666992,
    "f358": 36.139747619628906,
    "f1322": 34.951255798339844,
    "f1788": 34.453460693359375,
    "f1837": 34.4307861328125,
    "f638": 33.267356872558594,
    "f1780": 32.09225845336914,
    "f1670": 32.00499725341797,
    "f1756": 31.661170959472656,
    "f718": 31.585927963256836,
    "f1357": 31.412776947021484,
    "f1234": 31.306629180908203,
    "f1936": 30.355146408081055,
    "f1868": 29.603612899780273,
    "f918": 29.05423355102539,
    "f1968": 28.85556983947754,
    "f960": 28.455341339111328,
    "f1000": 28.261293411254883,
    "f1354": 28.089820861816406,
    "f1360": 27.696340560913086,
    "f1570": 26.961606979370117,
    "f1990": 26.26970863342285,
    "f1525": 26.19002342224121,
    "f633": 25.763168334960938,
    "f658": 25.208589553833008,
    "f698": 24.9813289642334,
    "f1082": 24.033428192138672,
    "f1999": 23.666662216186523,
    "f1315": 23.441396713256836,
    "f942": 23.281970977783203,
    "f1573": 23.27716064453125,
    "f15": 23.083106994628906,
    "f1274": 22.867597579956055,
    "f821": 22.865217208862305,
    "f1117": 22.507253646850586,
    "f285": 22.498146057128906,
    "f295": 22.322616577148438,
    "f1821": 21.743024826049805,
    "f1996": 21.54420280456543,
    "f997": 21.39847755432129,
    "f946": 21.292232513427734,
    "f719": 20.756629943847656,
    "f1294": 20.685470581054688,
    "f1022": 20.634601593017578,
    "f11": 20.52216148376465,
    "f1164": 20.425634384155273,
    "f948": 20.298532485961914,
    "f930": 20.270259857177734,
    "f596": 20.003896713256836,
    "f1020": 19.993316650390625,
    "f1447": 19.948081970214844,
    "f1003": 19.713773727416992,
    "f1325": 19.318761825561523,
    "f1086": 19.25,
    "f12": 19.130107879638672,
    "f1520": 18.81501007080078,
    "f1430": 18.758146286010742,
    "f802": 18.54648208618164,
    "f387": 18.406843185424805,
    "f2013": 18.37816047668457,
    "f357": 18.275720596313477,
    "f1078": 18.123205184936523,
    "f1853": 17.9293270111084,
    "f961": 17.623106002807617,
    "f1076": 17.60820770263672,
    "f352": 17.436418533325195,
    "f78": 17.427162170410156,
    "f1654": 17.122175216674805,
    "f63": 17.11832618713379,
    "f1068": 16.8773136138916,
    "f222": 16.666032791137695,
    "f414": 16.61964988708496,
    "f1279": 16.389455795288086,
    "f74": 16.3409481048584,
    "f2028": 16.33078956604004,
    "f1136": 16.23850440979004,
    "f234": 16.13675308227539,
    "f115": 16.058683395385742,
    "f1248": 15.92560863494873,
    "f801": 15.881187438964844,
    "f919": 15.794245719909668,
    "f1470": 15.628043174743652,
    "f1001": 15.58533000946045,
    "f1596": 15.467796325683594,
    "f1232": 15.11613655090332,
    "f853": 15.0,
    "f522": 14.632429122924805,
    "f396": 14.628195762634277,
    "f537": 14.601921081542969,
    "f1503": 14.249651908874512,
    "f605": 14.242764472961426,
    "f1312": 14.219395637512207,
    "f421": 14.039862632751465,
    "f670": 13.67076301574707,
    "f1327": 13.601224899291992,
    "f5": 13.453190803527832,
    "f510": 13.451406478881836,
    "f1977": 13.40075397491455,
    "f118": 13.391999244689941,
    "f1971": 13.380186080932617,
    "f257": 13.188450813293457,
    "f1698": 13.149321556091309,
    "f127": 13.0,
    "f240": 12.980782508850098,
    "f1611": 12.861658096313477,
    "f1600": 12.8439359664917,
    "f808": 12.760851860046387,
    "f2051": 12.689767837524414,
    "f1847": 12.658109664916992,
    "f2035": 12.463969230651855,
    "f2025": 12.398578643798828,
    "f383": 12.38196086883545,
    "f1008": 12.222908020019531,
    "f407": 12.10502815246582,
    "f382": 11.997278213500977,
    "f195": 11.975528717041016,
    "f199": 11.892349243164062,
    "f1195": 11.793007850646973,
    "f25": 11.748872756958008,
    "f829": 11.467057228088379,
    "f1425": 11.403464317321777,
    "f1549": 11.349871635437012,
    "f1896": 11.347604751586914,
    "f571": 11.213212966918945,
    "f372": 11.050676345825195,
    "f733": 11.027545928955078,
    "f1593": 10.971911430358887,
    "f1808": 10.898320198059082,
    "f549": 10.671378135681152,
    "f26": 10.567837715148926,
    "f827": 10.5,
    "f389": 10.459576606750488,
    "f561": 10.314983367919922,
    "f375": 10.27878189086914,
    "f304": 10.216978073120117,
    "f410": 10.197545051574707,
    "f687": 10.19638729095459,
    "f1112": 10.160430908203125,
    "f406": 10.135124206542969,
    "f93": 10.104846000671387,
    "f1673": 10.037612915039062,
    "f747": 9.93932819366455,
    "f1125": 9.855143547058105,
    "f318": 9.75,
    "f459": 9.710227012634277,
    "f602": 9.66045093536377,
    "f392": 9.598901748657227,
    "f1498": 9.597143173217773,
    "f1561": 9.55334186553955,
    "f1934": 9.523862838745117,
    "f1617": 9.484903335571289,
    "f102": 9.452798843383789,
    "f645": 9.428098678588867,
    "f952": 9.425629615783691,
    "f1540": 9.399453163146973,
    "f905": 9.298660278320312,
    "f1130": 9.251119613647461,
    "f700": 9.174049377441406,
    "f1737": 9.164036750793457,
    "f1275": 9.152682304382324,
    "f1105": 9.004302024841309,
    "f847": 8.957138061523438,
    "f1796": 8.908906936645508,
    "f92": 8.890108108520508,
    "f578": 8.854596138000488,
    "f1110": 8.801514625549316,
    "f1979": 8.782543182373047,
    "f1536": 8.757706642150879,
    "f606": 8.727032661437988,
    "f1472": 8.721306800842285,
    "f950": 8.608489990234375,
    "f1054": 8.53415584564209,
    "f1250": 8.510255813598633,
    "f1179": 8.343486785888672,
    "f1491": 8.334159851074219,
    "f818": 8.303946495056152,
    "f1273": 8.251686096191406,
    "f784": 8.21755313873291,
    "f1717": 8.18801498413086,
    "f1955": 8.169821739196777,
    "f1747": 8.084981918334961,
    "f647": 8.082950592041016,
    "f955": 7.998098373413086,
    "f1349": 7.993443489074707,
    "f776": 7.976118087768555,
    "f1402": 7.928524494171143,
    "f360": 7.9021759033203125,
    "f1880": 7.7296061515808105,
    "f1890": 7.685570240020752,
    "f691": 7.652500152587891,
    "f1270": 7.555452346801758,
    "f1881": 7.512688159942627,
    "f1408": 7.50199556350708,
    "f2044": 7.490841388702393,
    "f475": 7.469379425048828,
    "f1584": 7.449390888214111,
    "f404": 7.407083988189697,
    "f1688": 7.396174430847168,
    "f1705": 7.372447967529297,
    "f520": 7.327419281005859,
    "f1987": 7.306251525878906,
    "f68": 7.302703857421875,
    "f1906": 7.30087423324585,
    "f603": 7.298909664154053,
    "f1187": 7.267657279968262,
    "f1790": 7.26023006439209,
    "f286": 7.250267028808594,
    "f768": 7.1720290184021,
    "f535": 7.119555950164795,
    "f469": 7.077947616577148,