{
    "f1963": 132.3542938232422,
    "f5": 119.47419738769531,
    "f11": 116.94685363769531,
    "f261": 100.0,
    "f1851": 93.75,
    "f100": 92.75,
    "f1": 88.32357788085938,
    "f102": 82.66924285888672,
    "f928": 82.25,
    "f1792": 79.65676879882812,
    "f522": 70.62844848632812,
    "f103": 68.38726043701172,
    "f991": 67.34783172607422,
    "f994": 65.89845275878906,
    "f1046": 65.19995880126953,
    "f1213": 62.13619613647461,
    "f1242": 57.17266845703125,
    "f826": 55.853031158447266,
    "f1695": 53.767887115478516,
    "f0": 53.56196212768555,
    "f1645": 52.565948486328125,
    "f14": 51.291351318359375,
    "f1559": 50.11620330810547,
    "f782": 49.6449089050293,
    "f473": 48.945343017578125,
    "f1272": 47.95283508300781,
    "f1268": 47.91142654418945,
    "f339": 47.808868408203125,
    "f2028": 47.71002960205078,
    "f435": 47.124820709228516,
    "f557": 47.07002639770508,
    "f1136": 45.562435150146484,
    "f789": 44.71506881713867,
    "f1340": 44.156837463378906,
    "f768": 42.460411071777344,
    "f1950": 42.44588851928711,
    "f524": 42.34173583984375,
    "f1387": 42.148765563964844,
    "f1418": 41.133670806884766,
    "f1536": 39.83940887451172,
    "f9": 38.11605453491211,
    "f1289": 37.91590118408203,
    "f160": 37.43014907836914,
    "f1726": 36.96958923339844,
    "f974": 36.53328323364258,
    "f1408": 36.16215515136719,
    "f8": 35.87722396850586,
    "f1731": 35.25,
    "f1735": 34.956329345703125,
    "f959": 34.762481689453125,
    "f1222": 34.07309341430664,
    "f1018": 33.44175338745117,
    "f1519": 33.093910217285156,
    "f1581": 32.64991760253906,
    "f691": 32.37074279785156,
    "f16": 31.50585174560547,
    "f1842": 31.253557205200195,
    "f1091": 30.5,
    "f2": 29.882123947143555,
    "f1239": 29.657867431640625,
    "f1090": 29.288467407226562,
    "f1026": 29.076759338378906,
    "f195": 28.554597854614258,
    "f1647": 28.447040557861328,
    "f291": 28.316707611083984,
    "f936": 28.241943359375,
    "f254": 27.827157974243164,
    "f979": 27.70439910888672,
    "f982": 27.567642211914062,
    "f1416": 26.825403213500977,
    "f1757": 26.625524520874023,
    "f948": 26.2624454498291,
    "f698": 26.0,
    "f1250": 25.898265838623047,
    "f1212": 25.300262451171875,
    "f1338": 24.735267639160156,
    "f1709": 23.7946834564209,
    "f1139": 23.660734176635742,
    "f1686": 23.343528747558594,
    "f820": 23.249658584594727,
    "f1668": 23.115530014038086,
    "f1285": 22.85822296142578,
    "f50": 22.786949157714844,
    "f944": 22.6595458984375,
    "f257": 22.283458709716797,
    "f101": 22.234600067138672,
    "f1440": 22.16551399230957,
    "f1916": 21.9398250579834,
    "f1917": 21.83377456665039,
    "f227": 21.413677215576172,
    "f1800": 21.20669174194336,
    "f1311": 21.058870315551758,
    "f98": 20.683053970336914,
    "f1833": 20.66550064086914,
    "f1189": 20.5,
    "f646": 20.468528747558594,
    "f115": 20.340078353881836,
    "f722": 20.31391143798828,
    "f270": 20.265398025512695,
    "f769": 20.21072006225586,
    "f217": 20.127538681030273,
    "f565": 19.87407875061035,
    "f107": 19.13880157470703,
    "f240": 18.917985916137695,
    "f687": 18.47098731994629,
    "f6": 18.378246307373047,
    "f837": 18.339126586914062,
    "f1092": 18.320520401000977,
    "f1884": 18.128929138183594,
    "f1569": 18.116947174072266,
    "f212": 18.068443298339844,
    "f704": 18.02181053161621,
    "f643": 17.95399284362793,
    "f637": 17.926433563232422,
    "f1818": 17.847198486328125,
    "f725": 17.609399795532227,
    "f1806": 17.362985610961914,
    "f1762": 17.326433181762695,
    "f1138": 17.22146987915039,
    "f1188": 17.132783889770508,
    "f1211": 16.882596969604492,
    "f764": 16.689189910888672,
    "f864": 16.677282333374023,
    "f38": 16.44346809387207,
    "f856": 16.39836311340332,
    "f1332": 16.36972999572754,
    "f751": 16.29103660583496,
    "f53": 16.158233642578125,
    "f1365": 16.13258171081543,
    "f1105": 16.055320739746094,
    "f985": 16.030109405517578,
    "f846": 15.918378829956055,
    "f437": 15.866546630859375,
    "f1041": 15.854320526123047,
    "f1639": 15.782142639160156,
    "f1456": 15.777226448059082,
    "f1850": 15.703287124633789,
    "f1124": 15.574309349060059,
    "f1691": 15.471439361572266,
    "f754": 15.018376350402832,
    "f1106": 14.92371654510498,
    "f659": 14.815105438232422,
    "f1336": 14.793522834777832,
    "f757": 14.664217948913574,
    "f192": 14.328292846679688,
    "f1459": 14.307053565979004,
    "f1953": 14.302501678466797,
    "f1049": 14.2868070602417,
    "f17": 14.233195304870605,
    "f215": 14.182371139526367,
    "f1035": 14.14362907409668,
    "f1715": 14.142467498779297,
    "f1004": 14.11966609954834,
    "f1322": 14.102946281433105,
    "f182": 13.908002853393555,
    "f12": 13.768348693847656,
    "f10": 13.681227684020996,
    "f1817": 13.6096830368042,
    "f63": 13.421920776367188,
    "f394": 13.40556812286377,
    "f1721": 13.361207962036133,
    "f560": 13.301787376403809,
    "f1330": 13.256058692932129,
    "f908": 13.073041915893555,
    "f1407": 13.031914710998535,
    "f1481": 12.979233741760254,
    "f585": 12.898158073425293,
    "f1344": 12.890955924987793,
    "f1514": 12.75,
    "f715": 12.718414306640625,
    "f1388": 12.63797664642334,
    "f1891": 12.449457168579102,
    "f1423": 12.145927429199219,
    "f7": 12.144259452819824,
    "f2041": 12.08767318725586,
    "f104": 12.002726554870605,
    "f1753": 11.995583534240723,
    "f1074": 11.850029945373535,
    "f807": 11.846511840820312,
    "f1209": 11.828661918640137,
    "f83": 11.790416717529297,
    "f717": 11.788030624389648,
    "f694": 11.636343002319336,
    "f1477": 11.620996475219727,
    "f1349": 11.318069458007812,
    "f794": 11.311471939086914,
    "f471": 11.217976570129395,
    "f1681": 11.054570198059082,
    "f1966": 11.052330017089844,
    "f241": 11.051985740661621,
    "f245": 11.03040599822998,
    "f713": 10.989031791687012,
    "f1912": 10.955583572387695,
    "f791": 10.951264381408691,
    "f552": 10.675873756408691,
    "f1948": 10.623018264770508,
    "f1736": 10.593311309814453,
    "f831": 10.274367332458496,
    "f277": 10.254254341125488,
    "f1811": 10.175162315368652,
    "f1690": 10.171297073364258,
    "f570": 10.081021308898926,
    "f1118": 10.076566696166992,
    "f251": 10.033546447753906,
    "f20": 9.962611198425293,
    "f2031": 9.946561813354492,
    "f1804": 9.941741943359375,
    "f929": 9.835273742675781,
    "f1974": 9.72315788269043,
    "f1433": 9.709297180175781,
    "f382": 9.654050827026367,
    "f1865": 9.627873420715332,
    "f1403": 9.610426902770996,
    "f1466": 9.574042320251465,
    "f1784": 9.562455177307129,
    "f1501": 9.541651725769043,
    "f1443": 9.504698753356934,
    "f1108": 9.474235534667969,
    "f737": 9.448619842529297,
    "f1618": 9.406623840332031,
    "f1420": 9.391478538513184,
    "f109": 9.315677642822266,
    "f1996": 9.16971206665039,
    "f175": 9.157660484313965,
    "f876": 9.15328311920166,
    "f1391": 9.118714332580566,
    "f662": 9.097306251525879,
    "f1900": 8.9686861038208,
    "f311": 8.950220108032227,
    "f626": 8.934493064880371,
    "f770": 8.906206130981445,
    "f70": 8.859938621520996,
    "f73": 8.835969924926758,
    "f1633": 8.82654857635498,
    "f1898": 8.815831184387207,
    "f1722": 8.458494186401367,
    "f688": 8.445310592651367,
    "f1972": 8.415519714355469,
    "f894": 8.393250465393066,
    "f1394": 8.388216972351074,
    "f640": 8.308451652526855,
    "f850": 8.25,
    "f1490": 8.148454666137695,
    "f318": 8.137906074523926,
    "f426": 8.097648620605469,
    "f1468": 8.066400527954102,
    "f457": 8.062814712524414,
    "f1555": 7.951967239379883,
    "f1968": 7.930809020996094,
    "f1973": 7.910696506500244,
    "f1378": 7.891071319580078,
    "f15": 7.840803623199463,
    "f1666": 7.830000400543213,
    "f353": 7.8252034187316895,
    "f1629": 7.813665390014648,