{
    "f28": 79.3675765991211,
    "f1136": 75.64083099365234,
    "f896": 73.50878143310547,
    "f1": 73.08402252197266,
    "f1584": 71.9380874633789,
    "f0": 66.03825378417969,
    "f1853": 65.6771469116211,
    "f739": 57.110069274902344,
    "f586": 55.78627395629883,
    "f544": 55.33236312866211,
    "f614": 55.0,
    "f754": 53.34764099121094,
    "f1755": 52.261051177978516,
    "f1227": 51.52999496459961,
    "f14": 49.96738052368164,
    "f537": 49.763999938964844,
    "f1942": 47.51216125488281,
    "f763": 47.125797271728516,
    "f751": 46.97377014160156,
    "f1534": 44.81184387207031,
    "f1596": 44.23508071899414,
    "f1811": 43.10088348388672,
    "f954": 43.045650482177734,
    "f155": 42.256385803222656,
    "f1346": 42.16596984863281,
    "f1775": 39.99428176879883,
    "f5": 39.62764358520508,
    "f15": 39.55696487426758,
    "f1568": 39.50629425048828,
    "f1732": 39.316463470458984,
    "f291": 39.165191650390625,
    "f2028": 38.30073547363281,
    "f310": 37.01908493041992,
    "f959": 36.67744064331055,
    "f1169": 36.5602912902832,
    "f369": 35.67787170410156,
    "f1622": 35.644683837890625,
    "f1986": 34.980690002441406,
    "f424": 34.944129943847656,
    "f209": 34.90293884277344,
    "f49": 33.48988723754883,
    "f327": 32.29791259765625,
    "f1609": 32.039730072021484,
    "f2039": 31.56607437133789,
    "f1126": 31.26839256286621,
    "f756": 30.366188049316406,
    "f932": 28.98349952697754,
    "f979": 28.50320816040039,
    "f892": 27.536712646484375,
    "f743": 27.370298385620117,
    "f1880": 27.277624130249023,
    "f1753": 27.163328170776367,
    "f1604": 27.0518741607666,
    "f720": 26.3197021484375,
    "f1062": 26.275711059570312,
    "f771": 26.190143585205078,
    "f1241": 26.141590118408203,
    "f1680": 25.714733123779297,
    "f682": 25.028621673583984,
    "f396": 24.771482467651367,
    "f1423": 24.58590316772461,
    "f1334": 24.54640769958496,
    "f746": 24.38439178466797,
    "f1933": 24.29395294189453,
    "f182": 24.276714324951172,
    "f710": 23.46992301940918,
    "f675": 23.179914474487305,
    "f1985": 23.066877365112305,
    "f282": 22.282733917236328,
    "f232": 22.26357078552246,
    "f561": 22.170419692993164,
    "f273": 22.129714965820312,
    "f1517": 21.833816528320312,
    "f1705": 21.771089553833008,
    "f1629": 21.604780197143555,
    "f591": 21.024444580078125,
    "f1217": 20.629684448242188,
    "f1251": 20.603618621826172,
    "f474": 20.328937530517578,
    "f530": 20.198286056518555,
    "f1081": 19.885116577148438,
    "f1257": 19.55729103088379,
    "f1708": 19.49322509765625,
    "f161": 19.27399253845215,
    "f330": 18.97138023376465,
    "f809": 18.723831176757812,
    "f1913": 18.66408920288086,
    "f644": 18.63831329345703,
    "f372": 18.624670028686523,
    "f1003": 18.58048439025879,
    "f1430": 18.40960693359375,
    "f1566": 18.252792358398438,
    "f830": 18.183486938476562,
    "f1714": 18.056297302246094,
    "f571": 17.864709854125977,
    "f1990": 17.83190155029297,
    "f821": 17.80188751220703,
    "f1800": 17.705440521240234,
    "f966": 17.69612693786621,
    "f1144": 17.582321166992188,
    "f1398": 17.128910064697266,
    "f224": 16.960920333862305,
    "f1427": 16.788026809692383,
    "f1855": 16.742084503173828,
    "f694": 16.67502212524414,
    "f1406": 16.502857208251953,
    "f1163": 16.5,
    "f274": 16.43419075012207,
    "f1481": 16.404029846191406,
    "f1082": 16.322912216186523,
    "f647": 16.210468292236328,
    "f521": 16.149126052856445,
    "f1306": 16.136241912841797,
    "f1469": 16.10294532775879,
    "f1066": 16.08195686340332,
    "f1618": 15.885704040527344,
    "f54": 15.87236213684082,
    "f1511": 15.8593168258667,
    "f153": 15.813817977905273,
    "f1017": 15.803682327270508,
    "f1915": 15.45032024383545,
    "f898": 15.366838455200195,
    "f1995": 15.307744979858398,
    "f1983": 14.864371299743652,
    "f1229": 14.75,
    "f1097": 14.62678337097168,
    "f854": 14.553776741027832,
    "f1918": 14.527286529541016,
    "f1593": 14.494368553161621,
    "f211": 14.479290962219238,
    "f790": 14.292991638183594,
    "f1549": 14.218118667602539,
    "f870": 14.031412124633789,
    "f313": 13.986313819885254,
    "f1002": 13.932146072387695,
    "f940": 13.760473251342773,
    "f241": 13.714543342590332,
    "f1289": 13.696718215942383,
    "f1793": 13.691594123840332,
    "f680": 13.618788719177246,
    "f20": 13.597893714904785,
    "f1374": 13.384201049804688,
    "f1856": 13.383002281188965,
    "f1796": 13.32788372039795,
    "f1437": 13.31836986541748,
    "f832": 13.309804916381836,
    "f1546": 13.237903594970703,
    "f1347": 12.999064445495605,
    "f905": 12.996484756469727,
    "f154": 12.985031127929688,
    "f1539": 12.900426864624023,
    "f736": 12.794227600097656,
    "f1488": 12.75,
    "f1077": 12.686341285705566,
    "f1737": 12.558792114257812,
    "f1956": 12.50777530670166,
    "f952": 12.438432693481445,
    "f2036": 12.133004188537598,
    "f7": 12.08786678314209,
    "f417": 12.070691108703613,
    "f1405": 12.054001808166504,
    "f283": 11.84665584564209,
    "f549": 11.791875839233398,
    "f484": 11.721185684204102,
    "f917": 11.622334480285645,
    "f1560": 11.614924430847168,
    "f1982": 11.361784934997559,
    "f340": 11.350678443908691,
    "f2021": 11.25967025756836,
    "f1453": 11.247814178466797,
    "f1200": 11.186033248901367,
    "f391": 10.948692321777344,
    "f1808": 10.939011573791504,
    "f223": 10.8185396194458,
    "f51": 10.623165130615234,
    "f1404": 10.57274341583252,
    "f1664": 10.522507667541504,
    "f1652": 10.511695861816406,
    "f386": 10.47881031036377,
    "f430": 10.426058769226074,
    "f308": 10.303252220153809,
    "f1470": 10.252541542053223,
    "f1464": 10.196207046508789,
    "f1516": 10.028461456298828,
    "f1125": 10.013609886169434,
    "f1083": 9.964804649353027,
    "f1940": 9.564361572265625,
    "f1973": 9.534425735473633,
    "f1014": 9.5150728225708,
    "f1299": 9.508410453796387,
    "f1413": 9.34209156036377,
    "f867": 9.322257995605469,
    "f907": 9.28640365600586,
    "f1902": 9.140022277832031,
    "f1938": 9.11256217956543,
    "f1966": 9.039618492126465,
    "f758": 9.007316589355469,
    "f1512": 8.95613956451416,
    "f1176": 8.922876358032227,
    "f839": 8.905805587768555,
    "f1189": 8.86545181274414,
    "f972": 8.864388465881348,
    "f1067": 8.840405464172363,
    "f1810": 8.783979415893555,
    "f1805": 8.711017608642578,
    "f1515": 8.660209655761719,
    "f361": 8.542880058288574,
    "f611": 8.542450904846191,
    "f685": 8.524859428405762,
    "f1377": 8.413521766662598,
    "f752": 8.381145477294922,
    "f1098": 8.351177215576172,
    "f404": 8.27668571472168,
    "f1100": 8.216480255126953,
    "f471": 8.199389457702637,
    "f1552": 7.98076868057251,
    "f1290": 7.880584716796875,
    "f987": 7.8404998779296875,
    "f1790": 7.839118003845215,
    "f1858": 7.801299095153809,
    "f1244": 7.704947471618652,
    "f1779": 7.678889274597168,
    "f788": 7.650423049926758,
    "f1032": 7.646503925323486,
    "f1752": 7.592742443084717,
    "f726": 7.552387237548828,
    "f1206": 7.547022819519043,
    "f1246": 7.490476608276367,
    "f431": 7.485003471374512,
    "f1750": 7.479744911193848,
    "f504": 7.405787944793701,
    "f498": 7.3741655349731445,
    "f225": 7.364808082580566,
    "f568": 7.305181503295898,
    "f1647": 7.299132823944092,
    "f183": 7.283001899719238,
    "f1113": 7.279892444610596,
    "f900": 7.254441261291504,
    "f760": 7.198442459106445,
    "f1698": 7.191555500030518,
    "f1024": 7.096365451812744,
    "f2052": 7.094784736633301,
    "f1489": 7.088791847229004,
    "f834": 7.079264163970947,
    "f1794": 7.0754241943359375,
    "f1084": 7.071901798248291,
    "f1847": 7.058379173278809,
    "f170": 6.984262466430664,
    "f109": 6.955817699432373,
    "f1626": 6.931516647338867,
    "f1250": 6.904454708099365,
    "f967": 6.886335849761963,