{
    "f528": 139.5254364013672,
    "f513": 116.12178039550781,
    "f7": 115.7811508178711,
    "f11": 102.27473449707031,
    "f978": 96.75,
    "f1688": 94.25,
    "f1502": 93.77980041503906,
    "f1073": 93.25,
    "f1644": 92.25,
    "f422": 90.52352142333984,
    "f537": 81.3633804321289,
    "f1804": 80.1648178100586,
    "f1370": 79.25,
    "f5": 78.21961975097656,
    "f310": 67.99724578857422,
    "f927": 64.61564636230469,
    "f1490": 63.867149353027344,
    "f583": 62.0,
    "f1456": 61.76095199584961,
    "f631": 61.50341796875,
    "f441": 58.67051696777344,
    "f274": 56.299041748046875,
    "f1296": 56.20779800415039,
    "f2028": 54.918190002441406,
    "f933": 54.01353454589844,
    "f1808": 53.639366149902344,
    "f783": 52.9166259765625,
    "f20": 49.0925407409668,
    "f347": 44.31366729736328,
    "f1152": 43.76304244995117,
    "f1423": 43.43520736694336,
    "f1100": 43.049095153808594,
    "f1604": 42.07333755493164,
    "f907": 41.90624237060547,
    "f1239": 40.200618743896484,
    "f1520": 40.1353874206543,
    "f1940": 38.37187957763672,
    "f1181": 38.02143096923828,
    "f12": 37.7420539855957,
    "f2050": 37.67591094970703,
    "f1281": 36.43061065673828,
    "f1675": 36.25,
    "f1041": 35.51152420043945,
    "f14": 35.43524932861328,
    "f858": 34.800724029541016,
    "f888": 34.7576789855957,
    "f1970": 34.302364349365234,
    "f895": 33.565956115722656,
    "f961": 33.529685974121094,
    "f1198": 33.10002899169922,
    "f490": 32.456138610839844,
    "f593": 32.30439758300781,
    "f1326": 31.586355209350586,
    "f1911": 31.524940490722656,
    "f1313": 31.387136459350586,
    "f821": 31.058311462402344,
    "f678": 30.503868103027344,
    "f1508": 30.228534698486328,
    "f644": 30.079763412475586,
    "f457": 29.9132080078125,
    "f1720": 29.558120727539062,
    "f779": 28.112632751464844,
    "f220": 28.0,
    "f1332": 27.985868453979492,
    "f1552": 27.718835830688477,
    "f306": 27.66973876953125,
    "f1438": 27.49586296081543,
    "f1499": 27.28367805480957,
    "f1978": 27.213336944580078,
    "f1605": 27.183917999267578,
    "f134": 26.903879165649414,
    "f1217": 26.637998580932617,
    "f1915": 26.4791259765625,
    "f2033": 26.249858856201172,
    "f372": 26.136390686035156,
    "f1651": 25.982864379882812,
    "f1876": 25.955005645751953,
    "f897": 25.59825897216797,
    "f629": 25.23796272277832,
    "f10": 24.543764114379883,
    "f1084": 24.161029815673828,
    "f1250": 23.628477096557617,
    "f666": 23.355012893676758,
    "f364": 23.266704559326172,
    "f1246": 23.15790367126465,
    "f1322": 23.054079055786133,
    "f1413": 23.034927368164062,
    "f93": 22.990270614624023,
    "f618": 22.857019424438477,
    "f1316": 22.7318115234375,
    "f1092": 22.544322967529297,
    "f934": 22.183940887451172,
    "f231": 21.96446418762207,
    "f1623": 21.715152740478516,
    "f824": 21.63053321838379,
    "f377": 21.608551025390625,
    "f862": 21.47303581237793,
    "f409": 21.375648498535156,
    "f1279": 21.141542434692383,
    "f953": 20.25,
    "f712": 20.1817569732666,
    "f265": 19.52022361755371,
    "f1588": 19.420795440673828,
    "f245": 19.26654624938965,
    "f1062": 19.24382781982422,
    "f788": 19.065168380737305,
    "f1000": 18.716337203979492,
    "f633": 18.61691665649414,
    "f641": 18.483705520629883,
    "f199": 18.364261627197266,
    "f340": 18.184499740600586,
    "f568": 18.13705062866211,
    "f980": 17.922460556030273,
    "f1082": 17.78672218322754,
    "f1308": 17.760377883911133,
    "f1952": 17.32949447631836,
    "f1294": 17.261432647705078,
    "f1557": 17.160648345947266,
    "f16": 17.090848922729492,
    "f348": 17.0377254486084,
    "f1318": 16.919605255126953,
    "f439": 16.482580184936523,
    "f138": 16.31228256225586,
    "f1760": 16.078317642211914,
    "f2053": 15.75,
    "f936": 15.716530799865723,
    "f1157": 15.701176643371582,
    "f1192": 15.666645050048828,
    "f1621": 15.4088716506958,
    "f261": 15.25,
    "f237": 15.075179100036621,
    "f363": 15.0,
    "f603": 14.922112464904785,
    "f99": 14.66641902923584,
    "f1355": 14.39171314239502,
    "f1274": 14.31519889831543,
    "f1739": 14.30179214477539,
    "f1718": 14.257411003112793,
    "f25": 14.22648811340332,
    "f1811": 14.110591888427734,
    "f1079": 14.074021339416504,
    "f1136": 14.07376766204834,
    "f375": 13.675251960754395,
    "f1679": 13.667890548706055,
    "f299": 13.624923706054688,
    "f1660": 13.579570770263672,
    "f794": 13.574248313903809,
    "f24": 13.032276153564453,
    "f2062": 12.960291862487793,
    "f1107": 12.899849891662598,
    "f344": 12.704757690429688,
    "f2036": 12.667344093322754,
    "f1529": 12.604362487792969,
    "f971": 12.530082702636719,
    "f1406": 12.512287139892578,
    "f650": 12.503534317016602,
    "f675": 12.441394805908203,
    "f773": 12.429705619812012,
    "f225": 12.222821235656738,
    "f358": 11.937234878540039,
    "f165": 11.866939544677734,
    "f825": 11.85791301727295,
    "f119": 11.777081489562988,
    "f1222": 11.770302772521973,
    "f249": 11.759328842163086,
    "f1377": 11.675745964050293,
    "f1035": 11.647212982177734,
    "f647": 11.5,
    "f1988": 11.380532264709473,
    "f1685": 11.368874549865723,
    "f1594": 11.362167358398438,
    "f1248": 11.352563858032227,
    "f162": 11.26321792602539,
    "f1880": 11.25,
    "f1396": 11.113768577575684,
    "f1024": 10.714954376220703,
    "f1262": 10.544248580932617,
    "f1101": 10.531835556030273,
    "f1143": 10.510496139526367,
    "f548": 10.329764366149902,
    "f695": 10.16602897644043,
    "f472": 10.069018363952637,
    "f17": 10.059136390686035,
    "f1116": 10.006168365478516,
    "f1819": 9.91927719116211,
    "f246": 9.835607528686523,
    "f529": 9.827040672302246,
    "f1436": 9.798012733459473,
    "f1401": 9.755936622619629,
    "f1949": 9.69660472869873,
    "f1168": 9.670971870422363,
    "f357": 9.66692066192627,
    "f154": 9.221882820129395,
    "f318": 9.203680992126465,
    "f828": 9.18229866027832,
    "f342": 9.132840156555176,
    "f1097": 9.112796783447266,
    "f1655": 9.112631797790527,
    "f772": 9.081685066223145,
    "f632": 9.066340446472168,
    "f1153": 9.024816513061523,
    "f969": 9.018274307250977,
    "f542": 9.009109497070312,
    "f1956": 8.960549354553223,
    "f291": 8.922910690307617,
    "f1748": 8.833158493041992,
    "f359": 8.83219051361084,
    "f295": 8.782999038696289,
    "f649": 8.71678638458252,
    "f682": 8.67382526397705,
    "f97": 8.642169952392578,
    "f1230": 8.625646591186523,
    "f1329": 8.50491714477539,
    "f296": 8.383419036865234,
    "f1435": 8.348018646240234,
    "f1393": 8.249309539794922,
    "f1228": 8.217884063720703,
    "f1488": 8.201484680175781,
    "f90": 8.145089149475098,
    "f1692": 8.134492874145508,
    "f1063": 8.132223129272461,
    "f1607": 8.116742134094238,
    "f6": 8.078706741333008,
    "f1328": 8.0408353805542,
    "f1972": 7.997394561767578,
    "f121": 7.979952335357666,
    "f1975": 7.977663040161133,
    "f801": 7.870721817016602,
    "f588": 7.851511001586914,
    "f351": 7.817471504211426,
    "f692": 7.800041198730469,
    "f1155": 7.75728178024292,
    "f889": 7.753651142120361,
    "f290": 7.75,
    "f0": 7.72326135635376,
    "f82": 7.683008193969727,
    "f1343": 7.637880325317383,
    "f817": 7.632890224456787,
    "f1357": 7.62721061706543,
    "f1503": 7.590033531188965,
    "f1504": 7.554105758666992,
    "f578": 7.487982273101807,
    "f208": 7.469888687133789,
    "f797": 7.432600021362305,
    "f419": 7.402932643890381,
    "f1852": 7.401405334472656,
    "f1305": 7.350512981414795,
    "f1117": 7.281128883361816,
    "f1551": 7.245827674865723,
    "f1113": 7.235949516296387,
    "f1937": 7.235840320587158,
    "f1994": 7.208406925201416,
    "f292": 7.146998882293701,
    "f778": 7.134021759033203,
    "f898": 7.039660453796387,
    "f91": 7.028927326202393,
    "f1932": 7.01568078994751,
    "f1640": 7.006540298461914,