name,xgb_apfd,lgb_apfd,rf_apfd,lr_apfd,deepGini_apfd,vanillasoftmax_apfd,pcs_apfd,entropy_apfd,random_apfd
original,0.7414563617751164,0.7423016247404683,0.739579069312205,0.718360209101499,0.7174540063346587,0.7155247273112358,0.7113709369454365,0.7198120140299532,0.5111045860489893
channel_shift_range,0.7186661477356645,0.7231352271463642,0.7082339238311935,0.6939410813723729,0.6862819734204681,0.6850182908921907,0.6805132854890354,0.6880047102967887,0.5030577011356606
featurewise_std_normalization,0.7414563617751164,0.7423016247404683,0.7377139712276851,0.718360209101499,0.7174540063346587,0.7155247273112358,0.7113709369454365,0.7198120140299532,0.4884968503204233
height_shift,0.6340465570706427,0.6394290811775202,0.6352079350919672,0.621976976339153,0.5983186780510599,0.5979796950002124,0.5961382269232404,0.5987455927955482,0.4929378531073446
horizontal_flip,0.6495849173495537,0.6529489887207215,0.6484459419941383,0.6323880791000839,0.608509822525198,0.6081606349495173,0.6054472828570995,0.6093676282322055,0.5052352142239783
shear_range,0.739778291883555,0.7425473941263415,0.7381325107640898,0.7163003663003663,0.7155748345222029,0.7140209498104235,0.7102744039586145,0.7173754900070689,0.5086479018057966
width_shift,0.6109740050787277,0.6131047905898275,0.6038895293994341,0.6020706020370075,0.5773301559106865,0.5764563646828001,0.5733580098448616,0.5796459233189356,0.5022473645596015
zca_whitening,0.7414563617751164,0.7423016247404683,0.7398229568800362,0.718360209101499,0.7174540063346587,0.7155247273112358,0.7113709369454365,0.7198120140299532,0.4941813560790581
