name,xgb_apfd,lgb_apfd,rf_apfd,lr_apfd,deepGini_apfd,vanillasoftmax_apfd,pcs_apfd,entropy_apfd,random_apfd
1,0.7182474226804124,0.7284718010915707,0.7081564584596726,0.7091388720436629,0.6950272892662219,0.6956215888417223,0.685203153426319,0.6937780473013948,0.5007883565797453
2,0.6789915966386555,0.6896848739495799,0.6714390756302522,0.6609138655462186,0.656890756302521,0.6495798319327731,0.6377731092436976,0.655609243697479,0.5191386554621849
3,0.7182474226804124,0.7284718010915707,0.7081564584596726,0.7091388720436629,0.6950272892662219,0.6956215888417223,0.685203153426319,0.6937780473013948,0.4892419648271679
4,0.7075750300120048,0.7120288115246098,0.7009963985594239,0.6921008403361345,0.6946458583433374,0.6951500600240097,0.6772268907563026,0.6927250900360145,0.5011764705882353
5,0.7104959630911188,0.7161130334486736,0.6941291810841984,0.697923875432526,0.6832525951557094,0.682479815455594,0.6677623990772781,0.6837024221453287,0.5004267589388697
6,0.7140801001251564,0.7240675844806008,0.7021276595744681,0.7056320400500626,0.6951439299123905,0.6947934918648311,0.6790362953692115,0.6940050062578222,0.5144806007509387
7,0.7161519607843138,0.7217279411764707,0.6971200980392158,0.7007598039215687,0.6858088235294117,0.6877696078431372,0.6770098039215686,0.6851960784313726,0.5046691176470588
8,0.7182474226804124,0.7284718010915707,0.7081564584596726,0.7091388720436629,0.6950272892662219,0.6956215888417223,0.685203153426319,0.6937780473013948,0.5053123104912068
